Std,ID,Material,Su,Sy,A5,Bhn,E,G,mu,Ro
ANSI,D8894772B88F495093C43AF905AB6373,Steel SAE 1015,421,314,39,126,207000,79000,0.3,7860
ANSI,05982AC66F064F9EBC709E7A4164613A,Steel SAE 1015,424,324,37,121,207000,79000,0.3,7860
ANSI,356D6E63FF9A49A3AB23BF66BAC85DC3,Steel SAE 1015,386,284,37,111,207000,79000,0.3,7860
ANSI,1C758F8714AC4E0D9BD8D8AE1625AECD,Steel SAE 1020,448,331,36,143,207000,79000,0.3,7860
ANSI,DCE10036FC1946FC8C9108D598D116AD,Steel SAE 1020,441,346,35.8,131,207000,79000,0.3,7860
ANSI,2EC038241908434FA714FEEBE24DDEFE,Steel SAE 1020,395,295,36.5,111,207000,79000,0.3,7860
ANSI,356B183DD9E34A1C80A5028D43B9E149,Steel SAE 1022,503,359,35,149,207000,79000,0.3,7860
ANSI,95CB82FA86314D8490932A9E740744E3,Steel SAE 1022,483,359,34,143,207000,79000,0.3,7860
ANSI,942333E2D11B4C2CA0B9DFD6D1CE38E0,Steel SAE 1022,450,317,35,137,207000,79000,0.3,7860
ANSI,5E035DD0692F47E3A92EB298101AA124,Steel SAE 1030,552,345,32,179,207000,79000,0.3,7860
ANSI,8C9BE76E417841C3B821D4776B498039,Steel SAE 1030,517,345,32,149,207000,79000,0.3,7860
ANSI,39E235137DD74F3CA35EA024AFD04964,Steel SAE 1030,464,341,31,126,207000,79000,0.3,7860
ANSI,436484F7350147F7A2982D1410FB03CC,Steel SAE 1030,848,648,17,495,207000,79000,0.3,7860
ANSI,65BF7EFEEAE24296AC60198D15FCEFD6,Steel SAE 1040,621,414,25,201,207000,79000,0.3,7860
ANSI,E9134C5FCB8C41569B3B50315A4D13A5,Steel SAE 1040,590,374,28,170,207000,79000,0.3,7860
ANSI,CEEFEC39D52C4CBC9FD7A599BF6E4078,Steel SAE 1040,519,353,30,149,207000,79000,0.3,7860
ANSI,C3F57A34049943E98579CCEF761EE90D,Steel SAE 1040,779,593,19,262,207000,79000,0.3,7860
ANSI,6BB34C63B60749ADA2E4522BE8B284E2,Steel SAE 1050,724,414,20,229,207000,79000,0.3,7860
ANSI,5D7646BB490A4A41A0C059C46224189F,Steel SAE 1050,748,427,20,217,207000,79000,0.3,7860
ANSI,4DD78B764534417698C437FBECD1B914,Steel SAE 1050,636,365,23.7,187,207000,79000,0.3,7860
ANSI,60F13C35666C4904BB693C60FFC8297E,Steel SAE 1050,979,724,14,321,207000,79000,0.3,7860
ANSI,EC7B0B89340448B2A2A9AA29CC77DFB8,Steel SAE 1060,814,483,17,241,207000,79000,0.3,7860
ANSI,EDF9BFB1E0D14FADAAFE02B8B7157D69,Steel SAE 1060,776,421,18,229,207000,79000,0.3,7860
ANSI,2A8B4A39AA164951BF57C49A2FD5A8C0,Steel SAE 1060,626,372,22.5,179,207000,79000,0.3,7860
ANSI,51BB6C68630743439C326AAF86EA0D7C,Steel SAE 1060,1103,779,13,321,207000,79000,0.3,7860
ANSI,677DEA95360F4ED08E9D8BA76BD75254,Steel SAE 1080,965,586,12,293,207000,79000,0.3,7860
ANSI,E675A2F2E21E40B8830C1B3F23114D89,Steel SAE 1080,1010,524,11,293,207000,79000,0.3,7860
ANSI,4D3E61A5DD21432FA051902D9F8B4567,Steel SAE 1080,615,376,24.7,174,207000,79000,0.3,7860
ANSI,CE4812A480FD405E8E0DAA0516695E81,Steel SAE 1080,1303,979,12,388,207000,79000,0.3,7860
ANSI,683B75ED3E71416BA59C281AA8342B0A,Steel SAE 1095,965,572,9,293,207000,79000,0.3,7860
ANSI,5624C3966397415184BEEE0B6D6EEF68,Steel SAE 1095,1014,500,9.5,293,207000,79000,0.3,7860
ANSI,388DD3EB93E1425BACFFD7A927F1E4B1,Steel SAE 1095,657,379,13,192,207000,79000,0.3,7860
ANSI,18E85A7791694976A24C8E052BD13769,Steel SAE 1095,1289,827,10,401,207000,79000,0.3,7860
ANSI,76D2C71250F34F3BB4E20D9795D8FDF9,Steel SAE 1117,487,305,33,143,207000,79000,0.3,7860
ANSI,8F59F91D01774EAD9862D688E8862F62,Steel SAE 1117,467,303,33.5,137,207000,79000,0.3,7860
ANSI,5412CBE18E014D6CA2349F98FDCB7CF1,Steel SAE 1117,429,279,32.8,121,207000,79000,0.3,7860
ANSI,B31ADD3ACE6D429EAED969BF1A48FCE8,Steel SAE 1118,521,316,32,149,207000,79000,0.3,7860
ANSI,14E4B51BED3342A7936E3D09E5E5B406,Steel SAE 1118,477,319,33.5,143,207000,79000,0.3,7860
ANSI,AEFFF966ED4E441BB320C8A8A4365FFA,Steel SAE 1118,450,284,34.5,131,207000,79000,0.3,7860
ANSI,CF27002A1B9448539D2074C9C99A411A,Steel SAE 1137,627,379,28,192,207000,79000,0.3,7860
ANSI,B9823642AF7E4A239F39B049736B33CF,Steel SAE 1137,669,396,22.5,197,207000,79000,0.3,7860
ANSI,F9E819061E7A4AC799912C9C718136E0,Steel SAE 1137,584,345,26.8,174,207000,79000,0.3,7860
ANSI,4955B1FBC76643B0A1C62062B4DDDEEB,Steel SAE 1137,1082,938,5,352,207000,79000,0.3,7860
ANSI,B0802701EBB749C9AE296C2ACFA172FE,Steel SAE 1141,676,359,22,192,207000,79000,0.3,7860
ANSI,55104F2A46594921B7EA1A69A87AB996,Steel SAE 1141,707,405,22.7,201,207000,79000,0.3,7860
ANSI,53A2EC1C4EA24F5AB1E229C4D9E61828,Steel SAE 1141,598,353,25.5,163,207000,79000,0.3,7860
ANSI,F013E5DB6E4247368996B896F7B42124,Steel SAE 1141,1634,1213,6,461,207000,79000,0.3,7860
ANSI,E766C49F05B941258F0D26D634F9B09C,Steel SAE 1144,703,421,21,212,207000,79000,0.3,7860
ANSI,A6957B64C23249A9B9098108B8822ABD,Steel SAE 1144,667,400,21,197,207000,79000,0.3,7860
ANSI,70DFA279BC8646BB9186C383AC15A1B7,Steel SAE 1144,584,346,24.8,167,207000,79000,0.3,7860
ANSI,1EA0C63CE8E646B48BDD0A2CEB4F84AD,Steel SAE 1144,876,627,17,277,207000,79000,0.3,7860
ANSI,DD26C8179B3E480496DF925718220483,Steel SAE 1340,836,558,22,248,207000,79000,0.3,7860
ANSI,279530D698244B6A8D45448148B661C9,Steel SAE 1340,703,436,25.5,207,207000,79000,0.3,7860
ANSI,D39EB1FD3E0241B599A4E47F81CFAA23,Steel SAE 1340,1806,1593,11,505,207000,79000,0.3,7860
ANSI,62DAD57F176D4491BCBF13927AB5486D,Steel SAE 3140,891,600,19.7,262,207000,79000,0.3,7860
ANSI,849657544E284411BDFD5159978EE22F,Steel SAE 3140,689,422,24.5,197,207000,79000,0.3,7860
ANSI,EF66164C6CFE430B937654F70E12D7EC,Steel SAE 4037,1027,758,6,310,207000,79000,0.3,7860
ANSI,1351D7DC9B18472F95F575337A1358B6,Steel SAE 4042,1800,1662,12,516,207000,79000,0.3,7860
ANSI,E20EC626F1E841248C34272843C62F7B,Steel SAE 4130,669,436,25.5,197,207000,79000,0.3,7860
ANSI,99C77C3670B54339B60D684BA6E81764,Steel SAE 4130,560,360,28.2,156,207000,79000,0.3,7860
ANSI,8638842ED9F44FA2AD535A9429DE4BB3,Steel SAE 4130,1627,1462,10,467,207000,79000,0.3,7860
ANSI,676EAF141CD24D92A7C598DFB07ADD96,Steel SAE 4140,1020,655,17.7,302,207000,79000,0.3,7860
ANSI,F9992EBE68824E398334E26710CE817F,Steel SAE 4140,655,417,25.7,197,207000,79000,0.3,7860
ANSI,A7414D9AC1834478929B86F5EA58628D,Steel SAE 4140,1772,1641,8,510,207000,79000,0.3,7860
ANSI,0CAC547704BE468E93FC049EC957CCBA,Steel SAE 4150,1155,734,11.7,321,207000,79000,0.3,7860
ANSI,76B0AE8D9FC84B19B8C9777F23F7535C,Steel SAE 4150,729,379,20.2,197,207000,79000,0.3,7860
ANSI,0A6487FACA444912BA9AD9187C817B9C,Steel SAE 4150,1931,1724,10,530,207000,79000,0.3,7860
ANSI,900569479B7A433ABE2D53767A0878F2,Steel SAE 4320,793,464,20.8,235,207000,79000,0.3,7860
ANSI,77BFFA21FE4744069205BF8C549141D0,Steel SAE 4320,579,425,29,163,207000,79000,0.3,7860
ANSI,689FB068F4FA47B2B368C374BFC50C29,Steel SAE 4340,1279,862,12.2,363,207000,79000,0.3,7860
ANSI,51C972EA2EF04A728F9F537C74F69671,Steel SAE 4340,745,472,22,217,207000,79000,0.3,7860
ANSI,40312809F59B4904AE2865372AD4C1F5,Steel SAE 4340,1875,1675,10,520,207000,79000,0.3,7860
ANSI,642039B632684DBB8C35AB46B2B30047,Steel SAE 4620,574,366,29,174,207000,79000,0.3,7860
ANSI,1A42AEA1CB5F426E8C626FFC15F9C53A,Steel SAE 4620,512,372,31.3,149,207000,79000,0.3,7860
ANSI,86D694E8101348BEB38DD49AC88C20A3,Steel SAE 4820,755,484,24,229,207000,79000,0.3,7860
ANSI,B46E961340E14196B2580DEBF16E0369,Steel SAE 4820,681,464,22.3,197,207000,79000,0.3,7860
ANSI,4DA8385C719D4A69826B2611122C2C1A,Steel SAE 5046,1744,1407,9,482,207000,79000,0.3,7860
ANSI,DF94587BEC0E447E89452D80240483C5,Steel SAE 5130,1613,1517,10,475,207000,79000,0.3,7860
ANSI,EFD90FA98D684823B2FE7D7E03959C7A,Steel SAE 5140,793,472,22.7,229,207000,79000,0.3,7860
ANSI,93C8A8F26610442C9E6E373AF55A4FBE,Steel SAE 5140,572,293,28.6,167,207000,79000,0.3,7860
ANSI,48166F06C0144B878E9104A65AC6F831,Steel SAE 5140,1793,1641,9,490,207000,79000,0.3,7860
ANSI,E84590929F054F399D4B890715AA82DB,Steel SAE 5150,870,529,20.7,255,207000,79000,0.3,7860
ANSI,C3EA5AD0DAE341A6AB3B8CD6EC191D50,Steel SAE 5150,676,357,22,197,207000,79000,0.3,7860
ANSI,59714293436F4E3AAFB6C7C21BCB8D6A,Steel SAE 5150,1944,1731,5,525,207000,79000,0.3,7860
ANSI,C500FBB2FE424BD6A5C3804013E041E4,Steel SAE 5160,957,531,17.5,269,207000,79000,0.3,7860
ANSI,23FDAACF3EE5449195F65F16F609D4D6,Steel SAE 5160,722,276,17.2,197,207000,79000,0.3,7860
ANSI,D7C18C6812084E65B3E2719ECC60765C,Steel SAE 5160,2220,1793,4,627,207000,79000,0.3,7860
ANSI,995316D125324A8E8A692E5E13334E99,Steel SAE 6150,939,615,21.8,269,207000,79000,0.3,7860
ANSI,C66C891B7F304727A2A4BF6AC6BB527B,Steel SAE 6150,667,412,23,197,207000,79000,0.3,7860
ANSI,59CA95AEB9D94C1EAAAD627C601EE5AE,Steel SAE 6150,1931,1689,8,538,207000,79000,0.3,7860
ANSI,2E4BC847E6B54D21BC69AD30393DCFEE,Steel SAE 8620,633,357,26.3,183,207000,79000,0.3,7860
ANSI,8F16966CB0284A36BAFD4E01AAC804F9,Steel SAE 8620,536,385,31.3,149,207000,79000,0.3,7860
ANSI,52B681AD628C42C88D4E60ED8D4307A9,Steel SAE 8630,650,429,23.5,187,207000,79000,0.3,7860
ANSI,EC86DACF22434C808E85D14845FA25F3,Steel SAE 8630,564,372,29,156,207000,79000,0.3,7860
ANSI,FF15759DE83F481EB447ED12A677851D,Steel SAE 8630,1641,1503,9,465,207000,79000,0.3,7860
ANSI,D18C57467E3D439EA62473DC3D8DB6BA,Steel SAE 8640,1862,1669,10,505,207000,79000,0.3,7860
ANSI,C863DF7515C14B09922C8387B8C52638,Steel SAE 8650,1024,688,14,302,207000,79000,0.3,7860
ANSI,5CBE1648872F4095BBE8A4464F646437,Steel SAE 8650,715,386,22.5,212,207000,79000,0.3,7860
ANSI,0DB6991D187947A39B15B06AB9FEEB79,Steel SAE 8650,1937,1675,10,525,207000,79000,0.3,7860
ANSI,D15269446FEB40C29A5E661991D4DBB0,Steel SAE 8660,1634,1551,13,460,207000,79000,0.3,7860
ANSI,B75417F6D216424D9AF09771B2C39A85,Steel SAE 8740,929,607,16,269,207000,79000,0.3,7860
ANSI,32D908D930EC4DA3889F7D26D7E72E31,Steel SAE 8740,695,415,22.2,201,207000,79000,0.3,7860
ANSI,0B638593127147AAB0EA387D1DFCC653,Steel SAE 8740,1999,1655,10,578,207000,79000,0.3,7860
ANSI,ACEBB80CDC354F8BBF91798E38C663BF,Steel SAE 9255,933,579,19.7,269,207000,79000,0.3,7860
ANSI,98B29985B2BF47A8BDB224B16BFCEBDD,Steel SAE 9255,774,486,21.7,229,207000,79000,0.3,7860
ANSI,AB075783A9CC46C7A8F374F08BBB7357,Steel SAE 9255,2103,2048,1,601,207000,79000,0.3,7860
ANSI,85C5BB31FDEC427E8300403ED6E64D9C,Steel SAE 9260,1758,1503,8,470,207000,79000,0.3,7860
ANSI,05FFFC93A5EB4E2A954734D2738D4CB8,Steel SAE 9310,907,571,18.8,269,207000,79000,0.3,7860
ANSI,985D533CFF4B4019B57BE92CB46A9C2C,Steel SAE 9310,820,440,17.3,241,207000,79000,0.3,7860
ANSI,511DB36A18F840F493E796205FB3375F,Steel SAE 30201,793,379,55,,193000,743000,0.3,8030
ANSI,C820422DF6594CE48208EE78C63F88C3,Steel SAE 30201,862,517,20,,193000,743000,0.3,8030
ANSI,082215F3E66545348DCC7F2A8D2D29E0,Steel SAE 30201,1034,758,10,,193000,743000,0.3,8030
ANSI,630B52F32CF347E3A846427EFDFC32CB,Steel SAE 30201,1207,931,5,,193000,743000,0.3,8030
ANSI,C51342B8B71E4AA6972005DB91BE8E62,Steel SAE 30201,1276,965,4,,193000,743000,0.3,8030
ANSI,C9648FA9B9F249499DC713C2748A77D0,Steel SAE 30202,724,379,55,,193000,743000,0.3,8030
ANSI,2FD9E4EDBF2244D6BE185B798FB83793,Steel SAE 30202,862,517,12,,193000,743000,0.3,8030
ANSI,51B16BB19AD34DAA92DD3659C2FDB3F8,Steel SAE 30301,758,276,60,165,193000,743000,0.3,8030
ANSI,819598B841CD48E3902451D26CCB333E,Steel SAE 30301,862,517,25,,193000,743000,0.3,8030
ANSI,77A7B865F48C4497B581FFF6BF6F18C4,Steel SAE 30301,1034,758,15,,193000,743000,0.3,8030
ANSI,B4C8C7C886D34158A666A42E042213ED,Steel SAE 30301,1207,931,12,,193000,743000,0.3,8030
ANSI,5E71D9C8D57F4992BE9F12922A94BEE1,Steel SAE 30301,1276,965,8,,193000,743000,0.3,8030
ANSI,0517E01F31F644EAB31FCB2999A64AC3,Steel SAE 30302,621,255,55,155,193000,743000,0.3,8030
ANSI,0E625643E5534CC0B92EDAB787824020,Steel SAE 30302,862,517,12,,193000,743000,0.3,8030
ANSI,8FC17E7034DB4529A188DB7DC6720D73,Steel SAE 30302B,655,276,50,165,193000,743000,0.3,8030
ANSI,6CCBB0F496D64C6EA71B2E75C76FA0F5,Steel SAE 30303,621,241,50,160,193000,743000,0.3,8030
ANSI,6E889E820D974516A9CF03B271A6C03E,Steel SAE 30304,586,241,55,150,193000,743000,0.3,8030
ANSI,BC6CFCE37E9B4DA0B864F2FB40722808,Steel SAE 30304L,552,207,55,140,193000,743000,0.3,8030
ANSI,373B847B50794DA990E9FBADAFB020CD,Steel SAE 30305,586,255,55,156,193000,743000,0.3,8030
ANSI,FDAA4C64583B482C801BA7EE173FD876,Steel SAE 30308,586,241,55,150,193000,743000,0.3,8030
ANSI,AE5E236D6CD94CEA887FB09A4669D04B,Steel SAE 30309,621,276,45,165,193000,743000,0.3,8030
ANSI,BC2959E1EF8C408EA2F6D02DD321BFE8,Steel SAE 30310,655,276,45,170,193000,743000,0.3,8030
ANSI,7387DCA5E54C41EDBF5501E86C56DCAF,Steel SAE 30314,689,345,45,170,193000,743000,0.3,8030
ANSI,03A4FAFAA2354ABBA7C8AA7225DDD6C6,Steel SAE 30316,586,241,55,150,193000,743000,0.3,8030
ANSI,795E6C75AF4C48EDA86F32FDC34DA73D,Steel SAE 30316L,538,207,55,145,193000,743000,0.3,8030
ANSI,5E210758EF6941ED925F476D4D0E1D1C,Steel SAE 30317,621,276,50,160,193000,743000,0.3,8030
ANSI,A1E7F46F815F4E4FAE46A7231BB5099D,Steel SAE 30321,600,241,55,150,193000,743000,0.3,8030
ANSI,C82FBBCDC40E4B2CB87AA5D1B4333084,Steel SAE 30347,634,241,50,160,193000,743000,0.3,8030
ANSI,D6F2306ABB324C57A10425AA5F95B3A9,Steel SAE 30348,634,241,50,160,193000,743000,0.3,8030
ANSI,9BB2104B1A754907AD9BA3021C49F1C7,Steel SAE 51403,517,276,30,155,200000,769000,0.3,8030
ANSI,C6E2E39527334C8E894612FC38DCBC0E,Steel SAE 51403,1310,1000,15,390,200000,769000,0.3,8030
ANSI,823FEBE6673A4112996EE5B4F5AB5DD7,Steel SAE 51405,483,276,30,150,200000,769000,0.3,8030
ANSI,80978696C32542F782EBAAEF63DF6C2B,Steel SAE 51410,517,276,30,155,200000,769000,0.3,8030
ANSI,4B8B7D0FFB4940A999524B05A37F4FE9,Steel SAE 51410,1310,1000,15,390,200000,769000,0.3,8030
ANSI,0F4ED5D8DDDA49878B98737B31EE7704,Steel SAE 51414,827,655,17,235,200000,769000,0.3,8030
ANSI,368F676CFAE249A7B63D9784E030FBF3,Steel SAE 51414,1379,1034,15,415,200000,769000,0.3,8030
ANSI,0B4576C8E3494CA59998B37C43635B84,Steel SAE 51416,517,276,30,155,200000,769000,0.3,8030
ANSI,DF6116BAEBB94C7CB67DC8A355A4AD9A,Steel SAE 51416,1310,1000,15,390,200000,769000,0.3,8030
ANSI,020644C15E8441C981E4E8FF82DD281C,Steel SAE 51420,655,345,25,195,200000,769000,0.3,8030
ANSI,DFDD071158E2431C82CD795AB2DC3DC9,Steel SAE 51420,1586,1344,8,500,200000,769000,0.3,8030
ANSI,B588F89B72494AD89979B5A898971A81,Steel SAE 51430,517,310,30,155,200000,769000,0.3,8030
ANSI,D07DDC26D233420EA0F49B857B60E5F4,Steel SAE 51430F,552,379,25,170,200000,769000,0.3,8030
ANSI,DBB66391CD104B1EA25903F80285091D,Steel SAE 51431,862,655,20,260,200000,769000,0.3,8030
ANSI,988683DFB80F4128A10413EB124AFC62,Steel SAE 51431,1413,1069,15,415,200000,769000,0.3,8030
ANSI,D970A9AC0D854EBB97207E5C6EB2D265,Steel SAE 51440A,724,414,20,215,200000,769000,0.3,8030
ANSI,C027925F385841D0AD1F968DEBCD254E,Steel SAE 51440A,1793,1655,5,510,200000,769000,0.3,8030
ANSI,FA49D603FF3347E4B5CC986E959A8EFC,Steel SAE 51440C,758,448,13,230,200000,769000,0.3,8030
ANSI,DBA461E8D56645BC9FF0B36FE711A2A2,Steel SAE 51440C,1965,1896,2,580,200000,769000,0.3,8030
ANSI,D23675EDD65E421BB310370F720AB7D0,Steel SAE 51446,552,345,23,170,200000,769000,0.3,8030
ANSI,56F7E502ED9C4D97A0FE7DA3746354EA,Steel SAE 51501,483,207,28,160,200000,769000,0.3,8030
ANSI,814DE2AA2A454B22AA6F8FC935716E8C,Steel SAE 51502,483,207,30,150,200000,769000,0.3,8030
ANSI,1A53531B65474FC4B0AFD796A607847B,Grey cast iron class 20,138,138,,,80000,32000,0.25,7160
ANSI,67B793906A16472EAA330F83B53F2B8B,Grey cast iron class 25,172,172,,,98000,39000,0.25,7160
ANSI,54D9A9F3004F4D2993FB2D4A4BA00F7E,Grey cast iron class 30,207,207,,,100000,40000,0.25,7160
ANSI,C656AC5B4EDA4BDC9317FA1E80FAA176,Grey cast iron class 35,241,241,,,110000,44000,0.25,7160
ANSI,9F8C072E415F470F9371F8204FCD29FD,Grey cast iron class 40,276,276,,,117000,47000,0.25,7160
ANSI,DC242B42288B4E17A62AF551DFAE29B0,Grey cast iron class 50,345,345,,,124000,50000,0.25,7160
ANSI,623ABE2B6CFA4DAFA2B7AA4D494B6BDE,Grey cast iron class 60,414,414,,,137000,55000,0.25,7160
ANSI,09EB41BD19C947EDBB7978D6AA9CA9FC,Malleable cast iron,276,207,,,172000,68000,0.27,7160
ANSI,FF3F801C63B4429E979B9E84FE006818,Malleable cast iron,414,317,,,172000,68000,0.27,7160
ANSI,10602E22027C46F39CCD78971940298D,Malleable cast iron,552,427,,,172000,68000,0.27,7160
ANSI,9C42EE2F144D41B88593917BD5613DC9,Malleable cast iron,689,538,,,172000,68000,0.27,7160
ANSI,CFC0876E42824F0B863D89CE76BB772A,Nodular cast iron,414,276,,,159000,66000,0.2,7160
ANSI,83A69C294D084DF6BF26418BF8FEAC5A,Nodular cast iron,552,365,,,159000,66000,0.2,7160
ANSI,8D21E01514AC4A40BDF16CF6E6EF5597,Nodular cast iron,689,455,,,159000,66000,0.2,7160
ANSI,0E7E6F42B8364BB198D862DA0B262E35,Nodular cast iron,827,552,,,159000,66000,0.2,7160
ANSI,B9CF1F99A73C47B8AB2698249F843DD3,Copper Alloy C80100,172,62,40,,108000,40000,0.35,8930
ANSI,0E041E89343849A7BE8C850C10A34091,High-Copper Alloy C81300,365,248,11,,108000,40000,0.35,8930
ANSI,D0553F51250E456AA8B54835AB572E33,High-Copper Alloy C81500,352,276,17,,108000,40000,0.35,8930
ANSI,0D8DE0B29EF24661BA704748332A5BC4,High-Copper Alloy C81700,634,469,8,,108000,40000,0.35,8930
ANSI,840F372D379146F68A91A79126A11145,Red brass C83300,221,69,35,,100000,37000,0.34,8500
ANSI,8C254890422F48F38E9B0EF4A3F3AA85,Red brass C83400,241,69,30,,100000,37000,0.34,8500
ANSI,72620708CE07415AB164155A108F2696,Red brass C83600,255,117,30,,100000,37000,0.34,8500
ANSI,52E2C8E7BE1A46CF8600AF45032B557A,Red brass C83800,241,110,25,,100000,37000,0.34,8500
ANSI,49CD50A5574645B2AF1A104282B874FA,Semi-red Brass C84200,241,97,27,,100000,37000,0.34,8500
ANSI,7EA0EEC4B6944E33BE865E010AD9E1FE,Semi-red Brass C84400,234,97,26,,100000,37000,0.34,8500
ANSI,4752F3A9E6C843D6AD2FD79532E5DA03,Semi-red Brass C84500,241,97,28,,100000,37000,0.34,8500
ANSI,C2C45302018642DF8C107C2BB95112C6,Semi-red Brass C84800,241,97,30,,100000,37000,0.34,8500
ANSI,47F50A9EA5EA431BA6969263CD54D141,Yellow Brass C85200,262,90,35,,100000,37000,0.34,8500
ANSI,DD97A6D584FD4B61AD281DA8F28B12DD,Yellow Brass C85400,234,83,35,,100000,37000,0.34,8500
ANSI,CCEAA2C520AA479FB737388690EFAF73,Yellow Brass C85500,414,159,40,,100000,37000,0.34,8500
ANSI,90BBFEA4894D4DD8862B8D5371A7B002,Yellow Brass C85700,345,124,40,,100000,37000,0.34,8500
ANSI,BFE334ACA0B54774859C664D0E3426AB,Yellow Brass C85800,379,207,15,,100000,37000,0.34,8500
ANSI,DE3571FA018D40DCAF02BC37995A5363,Manganese Bronze C86100,655,345,20,,120000,45000,0.31,8800
ANSI,4FD004DD88A4473183268E6E46EAE803,Manganese Bronze C86200,655,331,20,,120000,45000,0.31,8800
ANSI,28162DEB693D4A308083CCA71154EF44,Manganese Bronze C86300,793,572,15,,120000,45000,0.31,8800
ANSI,ACC010BBCB3E454E97BF8A4C4E3CC68C,Manganese Bronze C86400,448,172,20,,120000,45000,0.31,8800
ANSI,5CFBDD9CC5CC4DA5958A7A687DD79517,Manganese Bronze C86500,490,193,30,,120000,45000,0.31,8800
ANSI,48D71221F8034321AFCDF00564E7EE5E,Manganese Bronze C86700,586,290,20,,120000,45000,0.31,8800
ANSI,2A00A95E6A7346C09D15CE4A04792CB8,Manganese Bronze C86800,565,262,22,,120000,45000,0.31,8800
ANSI,BFBDD1F0C3134BE38D0F28016F8C2EB7,Silicon Brass C87200,379,172,30,,120000,45000,0.31,8800
ANSI,543461221FE44E8892BD2EAABA2C454B,Silicon Bronze C87400,379,165,30,,120000,45000,0.31,8800
ANSI,06423909CD5E4B179CE6A6F996E2C553,Silicon Bronze C87500,462,207,21,,120000,45000,0.31,8800
ANSI,A4FEDB7FBA8B4AC590AA9563FD3D184F,Silicon Bronze C87600,455,221,20,,120000,45000,0.31,8800
ANSI,139BCFF222284DBD98BAA9E3F857BB56,Silicon Bronze C87800,586,345,25,,120000,45000,0.31,8800
ANSI,85923B91FFE5458286C4CB03007E6211,Silicon Bronze C87900,483,241,25,,120000,45000,0.31,8800
ANSI,B254908C64FD4FEC8043D0EC958A5787,Tin Bronze C90200,262,110,30,,120000,45000,0.31,8800
ANSI,3F835BA072C846D8909CCB0913244F68,Tin Bronze C90300,310,145,30,,120000,45000,0.31,8800
ANSI,D853C626418E4F92AC4CA6DD96300058,Tin Bronze C90500,310,152,25,,120000,45000,0.31,8800
ANSI,168BB968EE264903AF3F5CF520FC04B7,Tin Bronze C90700,303,152,20,,120000,45000,0.31,8800
ANSI,FDA4A4CF34C3484089B5C890AE92A129,Tin Bronze C90900,276,138,15,,120000,45000,0.31,8800
ANSI,C19D25CCB1694F929A72BF66861D3185,Tin Bronze C91000,221,172,2,,120000,45000,0.31,8800
ANSI,ADF81B163E9E47BBB5FBFC742B0DD5DA,Tin Bronze C91100,241,172,2,,120000,45000,0.31,8800
ANSI,34F910C00BDB47C7BE63F86065FCE685,Tin Bronze C91300,241,207,0.5,,120000,45000,0.31,8800
ANSI,653438ABB233404C846F4A75BB658CDA,Tin Bronze C91600,303,152,16,,120000,45000,0.31,8800
ANSI,44C1B61500B7478FAFA99E1F94505A59,Tin Bronze C91700,303,152,16,,120000,45000,0.31,8800
ANSI,B6DC3EA524CE4DF890E15A703E481415,Leaded Tin Bronze C92200,276,138,30,,120000,45000,0.31,8800
ANSI,5922217CDFA04199B1611AF54C155E32,Leaded Tin Bronze C92300,276,138,25,,120000,45000,0.31,8800
ANSI,E8DC0675A7AE4CF1AF0F7A407140E88D,Leaded Tin Bronze C92500,303,138,20,,120000,45000,0.31,8800
ANSI,C90F115B8C8049999FF4D66D1E627DB0,Leaded Tin Bronze C92600,303,138,30,,120000,45000,0.31,8800
ANSI,F28DCCD7B2454F398F9D5233A3D5E232,Leaded Tin Bronze C92700,290,145,20,,120000,45000,0.31,8800
ANSI,291AACC414564C1B95431B7BCEA28BCD,Leaded Tin Bronze C92800,276,207,1,,120000,45000,0.31,8800
ANSI,C54141AC30F74D0081501D67CFEEB99B,Leaded Tin Bronze C92900,324,179,20,,120000,45000,0.31,8800
ANSI,BC5A694EF6BE4BCFB6F8C13646C96D50,High Leaded Tin Bronze C93200,241,124,20,,120000,45000,0.31,8800
ANSI,E790E6AB328B41C596708723469882CD,High Leaded Tin Bronze C93400,221,110,20,,120000,45000,0.31,8800
ANSI,EBFFE24015C94EADBCDE92E27DC178C6,High Leaded Tin Bronze C93500,221,110,20,,120000,45000,0.31,8800
ANSI,8240CB5CC4CF4AB8A062B5AD55531810,High Leaded Tin Bronze C93700,241,124,20,,120000,45000,0.31,8800
ANSI,34B98918283F448F81AF9D34973B4999,High Leaded Tin Bronze C93800,207,110,18,,120000,45000,0.31,8800
ANSI,716F36482DE6420A8BAF4267CDD3A18D,High Leaded Tin Bronze C93900,221,152,7,,120000,45000,0.31,8800
ANSI,F0F15E0A8B114DCEB171FEB7376EC6BE,High Leaded Tin Bronze C94300,186,90,15,,120000,45000,0.31,8800
ANSI,05627635D32842E2A786C8108410CFC6,High Leaded Tin Bronze C94400,221,110,18,,120000,45000,0.31,8800
ANSI,439B189A5C5C4E01B127DFC674D23059,High Leaded Tin Bronze C94500,172,83,12,,120000,45000,0.31,8800
ANSI,6BB2AE9CD6FA40E4A0E8044C9351F761,Nickel-Tin Bronze C94700,345,159,35,,120000,45000,0.31,8800
ANSI,9D9A67ECF3374DD687CF35CF019DDD43,Nickel-Tin Bronze C94800,310,159,35,,120000,45000,0.31,8800
ANSI,1C140125E5C549199970D39D5DDD3F7E,Aluminum Bronze C95200,552,186,35,,120000,45000,0.32,8800
ANSI,E8AFEF8067534C838F4E98D1B82B89CA,Aluminum Bronze C95300,517,186,25,,120000,45000,0.32,8800
ANSI,E5546C9A520043CBA3FCC30711919129,Aluminum Bronze C95400,586,241,18,,120000,45000,0.32,8800
ANSI,B565BE7A443340169C74BBBF4658AA0A,Aluminum Bronze C95500,689,303,12,,120000,45000,0.32,8800
ANSI,66BBEB82DD3A4103BB8E1CC8C993E643,Aluminum Bronze C95600,517,234,18,,120000,45000,0.32,8800
ANSI,73276228ABF345D98BEC32D08820704E,Aluminum Bronze C95700,655,310,26,,120000,45000,0.32,8800
ANSI,A8376D14D9934FAE864A885300C4540E,Aluminum Bronze C95800,655,262,25,,120000,45000,0.32,8800
ANSI,987E68DD26F641D1B216E0B46B3A26F1,Copper-Nickel C96200,310,172,20,,100000,37000,0.34,8500
ANSI,9C2FF8FE2C124FE7B1E12F6F574F53C5,Copper-Nickel C96300,517,379,10,,100000,37000,0.34,8500
ANSI,4355834A3E9D473A83F58029DAE26274,Copper-Nickel C96400,469,255,28,,100000,37000,0.34,8500
ANSI,420B7197C68B4B92951A2BA9DE0637F6,Copper-Nickel C96600,758,483,7,,100000,37000,0.34,8500
ANSI,D24E0619F681498A913BE1B0160F75CF,Nickel Silver C97300,241,117,20,,100000,37000,0.34,8500
ANSI,7A4078EC8928471FBD876FC0E8426A4B,Nickel Silver C97400,262,117,20,,100000,37000,0.34,8500
ANSI,143657E1185C4AC99BA5A79C48EC459D,Nickel Silver C97600,310,165,20,,100000,37000,0.34,8500
ANSI,A161E15E3741491D88ADB1A0ED84A96E,Nickel Silver C97800,379,207,15,,100000,37000,0.34,8500
ANSI,91625CF659564EABA1F6FDD65C55AD06,Special Alloy C99300,655,379,2,,100000,37000,0.34,8500
ANSI,14B3583D3BC44CEBB4D6B57344D6EBE6,Special Alloy C99400,455,234,25,,100000,37000,0.34,8500
ANSI,FF03C11DCB5042278E421E37C2FA97BE,Special Alloy C99500,483,276,12,,100000,37000,0.34,8500
ANSI,BAB9AA2219D04A829C3F82AE71DF3E04,Special Alloy C99700,379,172,25,,100000,37000,0.34,8500
ANSI,88279DA54CA34E9C9506121FFA495E4D,Special Alloy C99750,448,221,30,,100000,37000,0.34,8500
ANSI,06F4EFE939A64FD8AD2256FDA4F3B3DF,Copper Alloy C10100,221,69,55,,108000,40000,0.35,8930
ANSI,AAA4629A8B474F07827208FFE8153C69,Copper Alloy C15000,200,41,54,,108000,40000,0.35,8930
ANSI,6E881FC61E034889B2B3CC52E5C0ABEF,Copper Alloy C15500,276,124,40,,108000,40000,0.35,8930
ANSI,B91821A1CD9F498D81C12D9229DDF8AA,Copper Alloy C15715,359,303,27,,108000,40000,0.35,8930
ANSI,67E375202A84473684CF2DAE610BDCE0,Copper Alloy C15720,441,372,25,,108000,40000,0.35,8930
ANSI,29899B14DC1146D583C49A2FBB944DBC,Copper Alloy C15760,483,448,22,,108000,40000,0.35,8930
ANSI,8312CDE800BD425CA0C6728B50EB2691,Copper Alloy C16200,241,48,57,,108000,40000,0.35,8930
ANSI,ABA48E213AE447AD801250CCFCE78813,Copper Alloy C16500,276,97,53,,108000,40000,0.35,8930
ANSI,01E640A28CDF470F9544E5D6DFDAB4FD,Copper Alloy C17000,483,221,45,,108000,40000,0.35,8930
ANSI,D383785060D8424FB39199B9E7FCCAC0,Copper Alloy C17300,469,172,48,,108000,40000,0.35,8930
ANSI,66C69B28EC3E4FA6B58701B14FAEF367,Copper Alloy C17500,310,172,28,,108000,40000,0.35,8930
ANSI,44E9D2704D564789B73E4D393F652CFD,Copper Alloy C18200,234,97,40,,108000,40000,0.35,8930
ANSI,7348C728921E478388135514793ACEE7,Copper Alloy C18900,262,62,48,,108000,40000,0.35,8930
ANSI,25D0039141B24A909409D7384E25F716,Copper Alloy C19000,262,138,50,,108000,40000,0.35,8930
ANSI,01309A47EC11439BBBC345E2ADACADEC,Copper Alloy C19100,248,69,27,,108000,40000,0.35,8930
ANSI,A6E0574CEBF04A5DA507F595533FAA8B,Copper Alloy C19200,255,76,40,,108000,40000,0.35,8930
ANSI,50C517B22B0446C3869E95AED3668A25,Copper Alloy C19400,310,165,32,,108000,40000,0.35,8930
ANSI,A704046CDCFD4380BA01F6281D0BA4A2,Copper Alloy C19500,552,448,15,,108000,40000,0.35,8930
ANSI,5EC4C301DD884ADC90001D28806DA196,Copper Alloy C21000,234,69,45,,108000,40000,0.35,8930
ANSI,231251F25A9D4FD7A39EDC87D614639C,Commercial bronze C22000,255,69,50,,105000,40000,0.32,8800
ANSI,6A26D0014A7E413EB7CE1DCC3BE4FEF1,Red brass C23000,269,69,55,,105000,40000,0.32,8800
ANSI,ED07348F13104EACB33DC29DF30B76E0,Low brass C24000,290,83,55,,105000,40000,0.32,8800
ANSI,ECFD6B4BA60149FFA5FF8C79D7715EE2,Cartridge brass C26000,303,76,66,,105000,40000,0.32,8800
ANSI,B96C2F6EEB044EA38DA1DD30F0862E4C,Yellow brass C26800,317,97,65,,105000,40000,0.32,8800
ANSI,AE2F32E30D034471B73966074E78AB99,Muntz metal C28000,372,145,52,,105000,40000,0.32,8800
ANSI,2379783731BA42F5A1C8590FFADF56E7,Leaded commercial bronze C31400,255,83,45,,105000,40000,0.32,8800
ANSI,70F7C60D28C1438D9F1F84621F175578,Low-leaded brass C33000,324,103,60,,105000,40000,0.32,8800
ANSI,E4FA2318F091409A9972B1AA1064763A,High-leaded brass C34200,338,117,52,,105000,40000,0.32,8800
ANSI,C2D164067DA748D8ADDFB23E9A1B402D,Medium-leaded brass C35000,310,90,66,,105000,40000,0.32,8800
ANSI,1C1570732C8642FA9251598E595DB4BF,Leaded Muntz metal C36500,372,138,45,,105000,40000,0.32,8800
ANSI,523FE598A3D449BD9943D5E0A779752E,Architectural bronze C38500,414,138,30,,105000,40000,0.32,8800
ANSI,AB6D77E7E62F4AB9AB97C6651F1FBEEF,Copper Alloy C40500,269,83,49,,105000,40000,0.32,8800
ANSI,7434A393DE784E54A8EF0BAC874176EE,Copper Alloy C40800,290,90,43,,105000,40000,0.32,8800
ANSI,4A075CF11C3C4C5C8185E166EF549B94,Copper Alloy C41100,269,76,43,,105000,40000,0.32,8800
ANSI,4541DA54473A41CD8C66170E9BB44FF0,Copper Alloy C41300,283,83,45,,105000,40000,0.32,8800
ANSI,BF30475757D84DCBA632A47C3316EBBE,Copper Alloy C41500,317,117,44,,105000,40000,0.32,8800
ANSI,10D141A9545047199449C9E75B7A46D5,Copper Alloy C42200,296,103,46,,105000,40000,0.32,8800
ANSI,76F1CA4056D2432586B668056696B027,Copper Alloy C42500,310,124,49,,105000,40000,0.32,8800
ANSI,59F0D33D89BF45E6B1A4189B8366A5FB,Copper Alloy C43000,317,124,55,,105000,40000,0.32,8800
ANSI,1685F2A660A04C3F9F06CAA16E3CA15A,Copper Alloy C43400,310,103,49,,105000,40000,0.32,8800
ANSI,6034F99B6D72422FAAE1BE805884946B,Copper Alloy C43500,317,110,46,,105000,40000,0.32,8800
ANSI,0C1A2059F9C54B4184B792FDACC373EF,Copper Alloy C44300,331,124,65,,105000,40000,0.32,8800
ANSI,D02392212A1149A2932151894D961760,Copper Alloy C46400,379,172,50,,105000,40000,0.32,8800
ANSI,9622979E589E467F9722C75940FBC236,Copper Alloy C48200,386,172,43,,105000,40000,0.32,8800
ANSI,49E22F723EA8477FB5896CE6222F9482,Copper Alloy C48500,393,172,40,,105000,40000,0.32,8800
ANSI,F72D6ECD6CFC43C1B1695D07B50DE81D,Copper Alloy C50500,276,97,48,,105000,40000,0.32,8800
ANSI,2170D77797604F41A9D0309FD8486ECF,Copper Alloy C51000,324,131,64,,105000,40000,0.32,8800
ANSI,1CDE63BB5BE44CE895E151A74A122F87,Copper Alloy C51100,317,345,48,,105000,40000,0.32,8800
ANSI,F8D8C7E9308D44A09568B4F2883693C2,Copper Alloy C52100,379,165,70,,105000,40000,0.32,8800
ANSI,75EBA115239C4D3E86D3D1DBF542925C,Copper Alloy C52400,455,193,70,,105000,40000,0.32,8800
ANSI,67CDA87894BB4E1DB63A9CF08309F3ED,Copper Alloy C54400,303,131,50,,105000,40000,0.32,8800
ANSI,07BDEB8F130D45C3B3C193E84DFA8D4E,Copper Alloy C60800,414,186,55,,105000,40000,0.32,8800
ANSI,3AFD7A2C929B434989BF73A261280045,Copper Alloy C61000,359,117,45,,105000,40000,0.32,8800
ANSI,5AE6A5EB75BE45A682E647E85C0E895F,Copper Alloy C61300,483,207,42,,105000,40000,0.32,8800
ANSI,D1B3605E03044500A1F4ECCAFC35EF14,Copper Alloy C61400,524,228,45,,105000,40000,0.32,8800
ANSI,190F58293CEA418895431AC9C2CD01D8,Copper Alloy C61500,483,152,55,,105000,40000,0.32,8800
ANSI,D8E47D214FDC425FA8643CA7517481D6,Copper Alloy C61800,552,269,28,,105000,40000,0.32,8800
ANSI,0281F74DF5284667A96A6C8C4CAA8520,Copper Alloy C61900,634,338,30,,105000,40000,0.32,8800
ANSI,95CC9FAF89D14F8DB2E405722FE024BF,Copper Alloy C62300,517,241,35,,105000,40000,0.32,8800
ANSI,B763EBACF6094717BB36F3A0FB48D263,Copper Alloy C62400,621,276,18,,105000,40000,0.32,8800
ANSI,6C73BC23E3704A5799CD258F739EE098,Copper Alloy C62500,689,379,21,,105000,40000,0.32,8800
ANSI,5B244F27FC35439F8EFFD275474DF067,Copper Alloy C63000,621,345,20,,105000,40000,0.32,8800
ANSI,5A5BA7DDD93549E883DFC6A0AF67ADF9,Copper Alloy C63200,621,310,25,,105000,40000,0.32,8800
ANSI,60C45065D8534EB7A110FCB18FC894BD,Copper Alloy C63800,565,372,36,,105000,40000,0.32,8800
ANSI,DA8CDEF6DBED4CF5BC72666158B84DD6,Copper Alloy C64200,517,241,32,,105000,40000,0.32,8800
ANSI,D13277000764457BAB78F2140BD9048B,Copper Alloy C65100,276,103,55,,105000,40000,0.32,8800
ANSI,C8965A5A03DD4721A2BFDE5C944DAFC8,Copper Alloy C65500,386,145,63,,105000,40000,0.32,8800
ANSI,4768D96BCC3D46CAB715576A4933AAFA,Copper Alloy C66700,316,83,60,,105000,40000,0.32,8800
ANSI,A21031D731FD4135BD126CFAB94AC7F6,Copper Alloy C67400,483,234,28,,105000,40000,0.32,8800
ANSI,95D7AB7D0F384388BBF3901A37758795,Copper Alloy C67500,448,207,33,,105000,40000,0.32,8800
ANSI,EE7AE57157734108A576C898FAC7D709,Copper Alloy C68700,414,186,55,,105000,40000,0.32,8800
ANSI,B9E78501C5EF4F5296E3089F0FDC4D30,Copper Alloy C68800,565,379,36,,105000,40000,0.32,8800
ANSI,34C9C38F8C544ABCB8F0BBFE1588C25E,Copper Alloy C69000,565,359,35,,105000,40000,0.32,8800
ANSI,ABE229C0F8F2486F9E06160F08011EF9,Copper Alloy C69400,552,276,25,,105000,40000,0.32,8800
ANSI,6ADE5E6F707F4575B7AF265B8F10B6EF,Copper Alloy C70400,262,276,46,,105000,40000,0.32,8800
ANSI,B0C03D767AB14D0A96F819235CC69899,Copper Alloy C70600,303,110,42,,105000,40000,0.32,8800
ANSI,3DEA6C378C1C4C13A062CE6431709FF4,Copper Alloy C71000,338,90,40,,105000,40000,0.32,8800
ANSI,67491C74D59C4C66931130EC631DD42B,Copper Alloy C71500,372,138,45,,105000,40000,0.32,8800
ANSI,4B12052BDD66497A83A6729EE235114E,Copper Alloy C72200,317,124,46,,105000,40000,0.32,8800
ANSI,29F6C301BDAD49C0A7E5C5A1D24CAF89,Copper Alloy C72500,379,152,35,,105000,40000,0.32,8800
ANSI,8F2E56251AEC4837925EE620CE4015BB,Copper Alloy C73500,345,103,37,,105000,40000,0.32,8800
ANSI,0D43AC38BD784A3FA53E84209FE33EBF,Copper Alloy C74500,338,124,50,,105000,40000,0.32,8800
ANSI,35DDFB3352474A7EBF817A55D9E09693,Copper Alloy C75200,386,172,45,,105000,40000,0.32,8800
ANSI,6B563D6EF61948EABB418F61322C2CD3,Copper Alloy C75400,365,124,43,,105000,40000,0.32,8800
ANSI,372107C8B92645B6A99976CB9DEC7F91,Copper Alloy C75700,359,124,48,,105000,40000,0.32,8800
ANSI,4EE0B4B7AC00413DBCA17156D942780A,Copper Alloy C76390,621,586,6,,105000,40000,0.32,8800
ANSI,A8102CA2D64243448C3467CD1535BE27,Copper Alloy C77000,414,186,40,,105000,40000,0.32,8800
ANSI,6AABCCDBF6E948EAA4B9DB70C0136E5F,Copper Alloy C78200,365,159,40,,105000,40000,0.32,8800
ANSI,7C00F70F592B49B1A96250ADB31382DA,Aluminum Alloy 201.0,414,345,3,110,73000,26000,0.33,2700
ANSI,62F81F1848594190A576943A876CD761,Aluminum Alloy 204.0,310,193,6,,73000,26000,0.33,2700
ANSI,DEA1EF7ABAE740B9B7094F9831A70306,Aluminum Alloy 208.0,131,83,1.5,40,73000,26000,0.33,2700
ANSI,8C8645596B874571ACE68348F1C5C6C7,Aluminum Alloy 242.0,221,138,,90,73000,26000,0.33,2700
ANSI,1C44918205244C60BCA2F6B74AD23757,Aluminum Alloy 242.0,165,90,1,60,73000,26000,0.33,2700
ANSI,105AF76EB446402CA701CB939C8F67A4,Aluminum Alloy 295.0,200,90,6,45,73000,26000,0.33,2700
ANSI,A79B003D7E0942CDB5D3A97058ECBA89,Aluminum Alloy 295.0,221,138,3,60,73000,26000,0.33,2700
ANSI,468AB518E1D049EBAB344DD014854FED,Aluminum Alloy 295.0,248,193,,80,73000,26000,0.33,2700
ANSI,D8BE660AE16E47359F3394750A9AA57A,Aluminum Alloy 295.0,200,110,3,55,73000,26000,0.33,2700
ANSI,3810E1CDDDC64706B51EE3000ABDCDBF,Aluminum Alloy 319.0,159,90,1.5,55,73000,26000,0.33,2700
ANSI,26BF5F98F3AF43DF8331501FE8AC635E,Aluminum Alloy 319.0,214,138,1.5,65,73000,26000,0.33,2700
ANSI,9CB3C44B0E4A4163B1392F025E0CA172,Aluminum Alloy 328.0,172,97,1,45,73000,26000,0.33,2700
ANSI,8A4A278D33064C189E9B48E0E1EADDB2,Aluminum Alloy 328.0,234,145,1,65,73000,26000,0.33,2700
ANSI,92D6BAE2EFB5420CB4E01C47BF9E4A23,Aluminum Alloy 355.0,172,124,,50,73000,26000,0.33,2700
ANSI,6D63602F7A194B078D3336F690923D6F,Aluminum Alloy 355.0,221,138,2,70,73000,26000,0.33,2700
ANSI,5A299D612BCE4EFE90703F9231970B6F,Aluminum Alloy 355.0,207,152,,60,73000,26000,0.33,2700
ANSI,B4595D5339254240B2A7195BDCC5715F,Aluminum Alloy C355.0,248,172,2.5,75,73000,26000,0.33,2700
ANSI,A428051AEB9442DEB854900E61A87C6B,Aluminum Alloy 356.0,159,110,,45,73000,26000,0.33,2700
ANSI,15B6270B5F4048DC8C9112BF04F765DA,Aluminum Alloy 356.0,207,138,3,55,73000,26000,0.33,2700
ANSI,CAF0E0DAB69D41FEAA0EE6AD7FBE6737,Aluminum Alloy 356.0,214,200,,60,73000,26000,0.33,2700
ANSI,17E825F91A6C47CAA9DE0344EADECBDF,Aluminum Alloy 356.0,172,124,3,45,73000,26000,0.33,2700
ANSI,90FEE72CADA54A4781A00BCF488DF210,Aluminum Alloy A356.0,234,165,3.5,70,73000,26000,0.33,2700
ANSI,5C6F865A793941F595176AF958C8E54B,Aluminum Alloy 443.0,117,48,3,25,73000,26000,0.33,2700
ANSI,20B9C268B8ED41FBBAC1F4D5E0512FC8,Aluminum Alloy B443.0,117,41,3,25,73000,26000,0.33,2700
ANSI,A5630881BFF54E7ABF6CC4DC8D99EFD5,Aluminum Alloy 512.0,117,69,,35,73000,26000,0.33,2700
ANSI,BF57863D00B24108A999019D819DCB9E,Aluminum Alloy 514.0,152,62,6,35,73000,26000,0.33,2700
ANSI,F39FE00A010D4669AEC56ABFFFE4864E,Aluminum Alloy 520.0,290,152,12,60,73000,26000,0.33,2700
ANSI,38F18004ECCF466FB38982B1B9B8E0DF,Aluminum Alloy 535.0,241,124,9,60,73000,26000,0.33,2700
ANSI,7BD395E702254018B16EFCB6BECD08C9,Aluminum Alloy 705.0,207,117,5,50,73000,26000,0.33,2700
ANSI,DD6D66E3AD6944819D0B4BCF87BECA66,Aluminum Alloy 707.0,228,152,2,70,73000,26000,0.33,2700
ANSI,4342454BAE6248AD835592F28160644B,Aluminum Alloy 707.0,255,207,1,65,73000,26000,0.33,2700
ANSI,61AC82C8D681453091E953E105A78E18,Aluminum Alloy 710.0,221,138,2,60,73000,26000,0.33,2700
ANSI,6C690A1404784BDF9CF6DF36A139D1FC,Aluminum Alloy 712.0,234,172,4,60,73000,26000,0.33,2700
ANSI,EC2C304A5C3C4082A6387A918ABFE8C6,Aluminum Alloy 713.0,221,152,3,60,73000,26000,0.33,2700
ANSI,6B100EE9FEEC471591F9FC761D314C99,Aluminum Alloy 771.0,290,262,1.5,85,73000,26000,0.33,2700
ANSI,14D1138649394E2EBE602BC61EE4F3DF,Aluminum Alloy 771.0,221,186,3,70,73000,26000,0.33,2700
ANSI,8302BCDA7D954584B93D3C1963411292,Aluminum Alloy 771.0,248,207,1.5,70,73000,26000,0.33,2700
ANSI,6B17ACFAE66D45CE8B0692D24C5670CE,Aluminum Alloy 771.0,248,186,1.5,,73000,26000,0.33,2700
ANSI,6BF21F63D5BA4522A06ED2D49052D6F5,Aluminum Alloy 771.0,290,241,5,75,73000,26000,0.33,2700
ANSI,062A1B349356469D9AB1628A0455540B,Aluminum Alloy 771.0,331,310,2,105,73000,26000,0.33,2700
ANSI,005CF44A087645B28B41ADD1F88E43AD,Aluminum Alloy 852.0,165,124,,45,73000,26000,0.33,2700
ANSI,8AC71DC21EE142328544183CD442AF32,Aluminum Alloy 1060-O,69,28,43,19,73000,26000,0.33,2700
ANSI,D57A4923C2374F2D9911E3B898395782,Aluminum Alloy 1060-H12,83,76,16,23,73000,26000,0.33,2700
ANSI,BE910EFD1B2F449C83A93E83FFE2A651,Aluminum Alloy 1060-H14,97,90,12,26,73000,26000,0.33,2700
ANSI,021FB11DC8F84C6AAF259609335CED54,Aluminum Alloy 1060-H16,110,103,8,30,73000,26000,0.33,2700
ANSI,1C3EFE560C8E4DA4AB7C4B603E6804A7,Aluminum Alloy 1060-H18,131,124,6,35,73000,26000,0.33,2700
ANSI,99D8301C4CE9454B9E8A2F02B87A3040,Aluminum Alloy 1100-O,90,34,35,23,73000,26000,0.33,2700
ANSI,55DB6797F5F442889758AAEFA6A4C4A6,Aluminum Alloy 1100-H12,110,103,12,28,73000,26000,0.33,2700
ANSI,CF7A241FE12942AD9BF001BB955544DE,Aluminum Alloy 1100-H14,124,117,9,32,73000,26000,0.33,2700
ANSI,66408FE2991746E8A2B0C75725AA50E4,Aluminum Alloy 1100-H16,145,138,6,38,73000,26000,0.33,2700
ANSI,02DD38B5C27C4DE7A182C5779E5B8671,Aluminum Alloy 1100-H18,165,152,5,44,73000,26000,0.33,2700
ANSI,F781FB361BF04BCB8CDE6E6891F4DB12,Aluminum Alloy 1350-O,83,28,,,73000,26000,0.33,2700
ANSI,69AB3225467043BB9422CCCFF8D07476,Aluminum Alloy 1350-H12,97,83,,,73000,26000,0.33,2700
ANSI,96726D0423924121A8224F7F1C92C4C1,Aluminum Alloy 1350-H14,110,97,,,73000,26000,0.33,2700
ANSI,E602F053B40F4F358F6AD8B76AC34CDA,Aluminum Alloy 1350-H16,124,110,,,73000,26000,0.33,2700
ANSI,88089E52A15C43769B8058CDE66A96F8,Aluminum Alloy 1350-H19,186,165,,,73000,26000,0.33,2700
ANSI,6BECB8F0CF964FD5A1946049A0FE38B8,Aluminum Alloy 2011-T3,379,296,15,95,73000,26000,0.33,2700
ANSI,4D7E38C3239040EA871F8D4A82C6FBB2,Aluminum Alloy 2011-T8,407,310,12,100,73000,26000,0.33,2700
ANSI,255EE16C253142B4906D98E663B7E8B4,Aluminum Alloy 2014-O,186,97,18,45,73000,26000,0.33,2700
ANSI,AB295509AC7747DCBC5A73BAC049CF88,Aluminum Alloy 2014-T4,427,290,20,105,73000,26000,0.33,2700
ANSI,6E3841E7D4EE465BBD7E0306DD6C49F4,Aluminum Alloy 2014-T451,427,290,20,105,73000,26000,0.33,2700
ANSI,2B8C530701354B338EFFFB2D0CB94346,Aluminum Alloy 2014-T6,483,414,13,135,73000,26000,0.33,2700
ANSI,16F33028BAF843A396FFC901C64AE6A5,Aluminum Alloy 2014-T651,483,414,13,135,73000,26000,0.33,2700
ANSI,D9C63E5BF4BC46C187B81D3001F1A2DD,Aluminum Alloy Alclad 2014-O,172,69,21,,73000,26000,0.33,2700
ANSI,F9E910B846F2467A9FD07A4BEB721A84,Aluminum Alloy Alclad 2014-T3,434,276,20,,73000,26000,0.33,2700
ANSI,5D8DB051900749A7B1ADFBE634FD3A12,Aluminum Alloy Alclad 2014-T4,421,255,22,,73000,26000,0.33,2700
ANSI,1A1483C744814748B83F72F80DBB6A15,Aluminum Alloy Alclad 2014-T451,421,255,22,,73000,26000,0.33,2700
ANSI,792FAC9AFB8344FFA4A999E0228CF117,Aluminum Alloy Alclad 2014-T6,469,414,10,,73000,26000,0.33,2700
ANSI,D67CD9BF622740E690A7D72B9214D496,Aluminum Alloy Alclad 2014-T651,469,414,10,,73000,26000,0.33,2700
ANSI,CC9906BDE0FD4AB8995649F616253E13,Aluminum Alloy 2017-O,179,69,22,45,73000,26000,0.33,2700
ANSI,4B241E1128CA42378C3C24AAEC2702A9,Aluminum Alloy 2017-T4,427,276,22,105,73000,26000,0.33,2700
ANSI,BF96378BC9AA40F299FA59617C0A324D,Aluminum Alloy 2017-T451,427,276,22,105,73000,26000,0.33,2700
ANSI,405A6156BC5142B593445A9CC89F8902,Aluminum Alloy 2018-T61,421,317,12,120,73000,26000,0.33,2700
ANSI,8B91F392A6D347E2B746DE29BE594EB0,Aluminum Alloy 2024-O,186,76,20,47,73000,26000,0.33,2700
ANSI,2CB41DE4C057449083455182F7DBF563,Aluminum Alloy 2024-T3,483,345,18,120,73000,26000,0.33,2700
ANSI,AB5E4114289E4F7EBBEFEAF3FB7662E7,Aluminum Alloy 2024-T351,469,324,20,120,73000,26000,0.33,2700
ANSI,B6FBB1B1177A4474AE1A4E66B369B8C3,Aluminum Alloy 2024-T4,469,324,20,120,73000,26000,0.33,2700
ANSI,4E9C6BA333854A3684AD37467901D2C0,Aluminum Alloy 2024-T361,496,393,13,130,73000,26000,0.33,2700
ANSI,86827B9E3E3F433E94FE77AF080CEF52,Aluminum Alloy Alclad 2024-O,179,76,20,,73000,26000,0.33,2700
ANSI,09CE5118469D4565B0EFB5513E2A69FD,Aluminum Alloy Alclad 2024-T3,448,310,18,,73000,26000,0.33,2700
ANSI,A1C6043FFA9C433180738ABD73A96E6E,Aluminum Alloy Alclad 2024-T351,441,290,19,,73000,26000,0.33,2700
ANSI,1D1A7E63F60D4773899F29446044F073,Aluminum Alloy Alclad 2024-T4,441,290,19,,73000,26000,0.33,2700
ANSI,ACB59543C3274139A6CEFC07FE045478,Aluminum Alloy Alclad 202024-T361,462,365,11,,73000,26000,0.33,2700
ANSI,1414DC380FB344B1B396CC418EC4EDD0,Aluminum Alloy Alclad 2024-T81,448,414,6,,73000,26000,0.33,2700
ANSI,9B2403171FF24B368344595EFF403960,Aluminum Alloy Alclad 2024-T851,448,414,6,,73000,26000,0.33,2700
ANSI,5C0EE4442D524AE99BC35672E1C25BB7,Aluminum Alloy Alclad 2024-T861,483,455,6,,73000,26000,0.33,2700
ANSI,57534C1F07A94114A3269FA6C5792760,Aluminum Alloy 2025-T6,400,255,19,110,73000,26000,0.33,2700
ANSI,D2F2BA9861DA4898A839BE8D56489385,Aluminum Alloy 2036-T4,338,193,24,,73000,26000,0.33,2700
ANSI,8D0801D6A6E24797BFB36CA7895DB18A,Aluminum Alloy 2117-T4,296,165,27,70,73000,26000,0.33,2700
ANSI,8A9C68278B934E03AFE2F74996788396,Aluminum Alloy 2218-T72,331,255,11,95,73000,26000,0.33,2700
ANSI,3CF88A03E24E477FA29505DC1A6D2A0F,Aluminum Alloy 2219-O,172,76,18,,73000,26000,0.33,2700
ANSI,D0186B1AEFB246088D92742E0F1516AF,Aluminum Alloy 2219-T42,359,186,20,,73000,26000,0.33,2700
ANSI,5C642DCE808142FB93127AEC92F64163,Aluminum Alloy 2219-T31,359,248,17,,73000,26000,0.33,2700
ANSI,1E81DFEC89A440279E477E43B9BF662F,Aluminum Alloy 2219-T351,359,248,17,,73000,26000,0.33,2700
ANSI,08B28F0645F94F9187B7DD9C8AEDFF0A,Aluminum Alloy 2219-T37,393,317,11,,73000,26000,0.33,2700
ANSI,92D81CD2697B4292AFEC4E1BCFBDF02D,Aluminum Alloy 2219-T62,414,290,10,,73000,26000,0.33,2700
ANSI,7C4660306EC24683B383CF779E194F3C,Aluminum Alloy 2219-T81,455,352,10,,73000,26000,0.33,2700
ANSI,E4D63F6C64B6465995DD8F53F2DA89B9,Aluminum Alloy 2219-T851,455,352,10,,73000,26000,0.33,2700
ANSI,8361064113924AB69EBBCBD6154BCD70,Aluminum Alloy 2219-T87,476,393,10,,73000,26000,0.33,2700
ANSI,D8379CFE86444F11A2C817B90EBF3D73,Aluminum Alloy 3003-O,110,41,30,28,73000,26000,0.33,2700
ANSI,6AE3E90DA7C245AC83EACFF7C5352AAE,Aluminum Alloy 3003-H12,131,124,10,35,73000,26000,0.33,2700
ANSI,08B5CCC255B946718BC8273750E5B50B,Aluminum Alloy 3003-H14,152,145,8,40,73000,26000,0.33,2700
ANSI,7D54EF3F697047DD82663BDB114DE81C,Aluminum Alloy 3003-H16,179,172,5,47,73000,26000,0.33,2700
ANSI,83CFBBA17B5D49D58808DDBEBDF99985,Aluminum Alloy 3003-H18,200,186,4,55,73000,26000,0.33,2700
ANSI,D8994A9C0ACB48E69779A176E648B91D,Aluminum Alloy Alclad 3003-O,110,41,30,,73000,26000,0.33,2700
ANSI,1213B1D67D584E56BCC6684DF210B4D9,Aluminum Alloy Alclad 3003-H12,131,124,10,,73000,26000,0.33,2700
ANSI,4BDCEB0AF7564103A5A8509BD03F7ADD,Aluminum Alloy Alclad 3003-H14,152,145,8,,73000,26000,0.33,2700
ANSI,9148727B7EDF4B43A73EBDBE9AE430E1,Aluminum Alloy Alclad 3003-H16,179,172,5,,73000,26000,0.33,2700
ANSI,509650723ECF41AEBA1C973CCE3DBE88,Aluminum Alloy Alclad 3003-H18,200,186,4,,73000,26000,0.33,2700
ANSI,2E6B077F198D43CD85C59F374396784D,Aluminum Alloy 3004-O,179,69,20,45,73000,26000,0.33,2700
ANSI,0C6BFAA6FEE74160A57C758224CB94C6,Aluminum Alloy 3004-H32,214,172,10,52,73000,26000,0.33,2700
ANSI,4F4A1990A5F14740A79C256E9B54DE8A,Aluminum Alloy 3004-H34,241,200,9,63,73000,26000,0.33,2700
ANSI,D3943263C9F04D45895C8D54FBFBABF2,Aluminum Alloy 3004-H36,262,228,5,70,73000,26000,0.33,2700
ANSI,AC53799369654A328798F01FDB63542A,Aluminum Alloy 3004-H38,283,248,5,77,73000,26000,0.33,2700
ANSI,BD5E16C3687D44C6BAC1FA4663937E83,Aluminum Alloy Alclad 3004-O,179,69,20,,73000,26000,0.33,2700
ANSI,2CEE4AAF83FD4408A6FEC1516C8F36C8,Aluminum Alloy Alclad 3004-H32,214,172,10,,73000,26000,0.33,2700
ANSI,AA6609CEB87741BC9A367C41AC1C45D5,Aluminum Alloy Alclad 3004-H34,241,200,9,,73000,26000,0.33,2700
ANSI,B326F06514A44DDE864E9731DBBB058C,Aluminum Alloy Alclad 3004-H36,262,228,5,,73000,26000,0.33,2700
ANSI,81E02AAC3FA94594B1FE0354BEB69C01,Aluminum Alloy Alclad 3004-H38,283,248,5,,73000,26000,0.33,2700
ANSI,27895514D5C2491E816B597C0C7C0463,Aluminum Alloy 3105-O,117,55,24,,73000,26000,0.33,2700
ANSI,08805E18F53744FA955D91528CC94ECD,Aluminum Alloy 3105-H12,152,131,7,,73000,26000,0.33,2700
ANSI,EFC5A174142848B4941DDB9BF0E72B2D,Aluminum Alloy 3105-H14,172,152,5,,73000,26000,0.33,2700
ANSI,DA4A2A7E90794DBC84698F981B695FF8,Aluminum Alloy 3105-H16,193,172,4,,73000,26000,0.33,2700
ANSI,056BB78FEF164368837843CDFB06A164,Aluminum Alloy 3105-H18,214,193,3,,73000,26000,0.33,2700
ANSI,58A6AA0980C14B0BAC7E2429677E5407,Aluminum Alloy 3105-H25,179,159,8,,73000,26000,0.33,2700
ANSI,35CC317F620F4A7AAB5A741824950AD1,Aluminum Alloy 4032-T6,379,317,9,120,73000,26000,0.33,2700
ANSI,A8864E695C164B96B58B2A6CB47B4904,Aluminum Alloy 5005-O,124,41,25,28,73000,26000,0.33,2700
ANSI,A3F3D45853A243D097107867BDC21009,Aluminum Alloy 5005-H12,138,131,10,,73000,26000,0.33,2700
ANSI,0EB0D388213E47E7BE4001D375E19454,Aluminum Alloy 5005-H14,159,152,6,,73000,26000,0.33,2700
ANSI,84F6E32378B045568DBA3C1B4F290A87,Aluminum Alloy 5005-H16,179,172,5,,73000,26000,0.33,2700
ANSI,5023448F38E04E6280EA90AAD17316BE,Aluminum Alloy 5005-H18,200,193,4,,73000,26000,0.33,2700
ANSI,8DB63A30196948F892686E848B222508,Aluminum Alloy 5005-H32,138,117,11,36,73000,26000,0.33,2700
ANSI,56DE2D016B2947BEB31872C80176AB69,Aluminum Alloy 5005-H34,159,138,8,41,73000,26000,0.33,2700
ANSI,E2E78760C9C24429854F9C25829777FF,Aluminum Alloy 5005-H36,179,165,6,46,73000,26000,0.33,2700
ANSI,E62C0D3B1E764069BDD10E307024E8A7,Aluminum Alloy 5005-H38,200,186,5,51,73000,26000,0.33,2700
ANSI,DB0DA044558E4635960869799598CDE3,Aluminum Alloy 5050-O,145,55,24,36,73000,26000,0.33,2700
ANSI,52F84014D09E4D3CA52418CFB3750169,Aluminum Alloy 5050-H32,172,145,9,46,73000,26000,0.33,2700
ANSI,77ECFDBA43984322B34D4BCA5231908E,Aluminum Alloy 5050-H34,193,165,8,53,73000,26000,0.33,2700
ANSI,3B742949A5F046B48FAE92E7A6258951,Aluminum Alloy 5050-H36,207,179,7,58,73000,26000,0.33,2700
ANSI,1D2D2B541AFF49F7BF8737DE9EEC9559,Aluminum Alloy 5050-H38,221,200,6,63,73000,26000,0.33,2700
ANSI,9FF4934078924E7BA38614746909C37E,Aluminum Alloy 5052-O,193,90,25,47,73000,26000,0.33,2700
ANSI,AE92EC0E34894CF392E27F4A0A744827,Aluminum Alloy 5052-H32,228,193,12,60,73000,26000,0.33,2700
ANSI,6CB56EB2FA814DA6B9775DBE4DECE074,Aluminum Alloy 5052-H34,262,214,10,68,73000,26000,0.33,2700
ANSI,AB8CB8A8192144DDAA806E044EF255E2,Aluminum Alloy 5052-H36,276,241,8,73,73000,26000,0.33,2700
ANSI,01B0E7E8E80C41B69D7A5BF79C2AEB71,Aluminum Alloy 5052-H38,290,255,7,77,73000,26000,0.33,2700
ANSI,C28B8302667640C2A3F922FB1921E653,Aluminum Alloy 5056-O,290,152,35,65,73000,26000,0.33,2700
ANSI,585BC8DF09224134B26F63752077A5F2,Aluminum Alloy 5056-H18,434,407,10,105,73000,26000,0.33,2700
ANSI,C50E527BEC124270BEA7811C785752C6,Aluminum Alloy 5056-H38,414,345,15,100,73000,26000,0.33,2700
ANSI,E1C6186A7AB546DEA6DBF2D29F227325,Aluminum Alloy 5083-O,290,145,22,,73000,26000,0.33,2700
ANSI,74ED803FF53F40E888AB7998E38306A6,Aluminum Alloy 5083-H116,317,228,16,,73000,26000,0.33,2700
ANSI,71AE4008BE564C45B63D0764A9E143E7,Aluminum Alloy 5083-H321,317,228,16,,73000,26000,0.33,2700
ANSI,5B3513177DA44BED88A7F3D09233CC14,Aluminum Alloy 5086-O,262,117,22,,73000,26000,0.33,2700
ANSI,51810A7BB78B42A19BCF0529D686BE20,Aluminum Alloy 5086-H32,290,207,12,,73000,26000,0.33,2700
ANSI,5DD50F9C4F4C42E09CB64AEEB94CF6BE,Aluminum Alloy 5086-H34,324,255,10,,73000,26000,0.33,2700
ANSI,1AAC30443D1446CCB99D5E1FA0024E67,Aluminum Alloy 5086-H112,269,131,14,,73000,26000,0.33,2700
ANSI,5D9DBBF0F69842BA8458A17E102237A8,Aluminum Alloy 5086-H116,290,207,12,,73000,26000,0.33,2700
ANSI,B317D2495F4B4791AF63A009F473BDC9,Aluminum Alloy 5154-O,241,117,27,58,73000,26000,0.33,2700
ANSI,2AFCD169D54348B48A025BAD7A70ED68,Aluminum Alloy 5154-H32,269,207,15,67,73000,26000,0.33,2700
ANSI,562BE4BB2D3446EA9A79C84B8553E358,Aluminum Alloy 5154-H34,290,228,13,73,73000,26000,0.33,2700
ANSI,67A8C574FC0A470BAFBB5C0AD493B294,Aluminum Alloy 5154-H36,310,248,12,78,73000,26000,0.33,2700
ANSI,993512D6B3234A47A0DEB3FEB3CD5CD9,Aluminum Alloy 5154-H38,331,269,10,80,73000,26000,0.33,2700
ANSI,8597AA8824C4440AAB863B07B9AAD92C,Aluminum Alloy 5154-H112,241,117,25,63,73000,26000,0.33,2700
ANSI,72ED89259E794291A5B11B2BF5AFDD46,Aluminum Alloy 5252-H25,234,172,11,68,73000,26000,0.33,2700
ANSI,FA9C563A20E5457EA5BD4072ED39B8B3,Aluminum Alloy 5252-H28,283,241,5,75,73000,26000,0.33,2700
ANSI,871F11565D204E0384EC2BBC6A2D1285,Aluminum Alloy 5252-H38,283,241,5,75,73000,26000,0.33,2700
ANSI,B6B897CF42B5480F8F1CD4F58C0A956E,Aluminum Alloy 5254-O,241,117,27,58,73000,26000,0.33,2700
ANSI,83F2E8736B3243D29C57DA69037E5ECC,Aluminum Alloy 5254-H32,269,207,15,67,73000,26000,0.33,2700
ANSI,4EB4710B39F742E4A9A44CA35372563E,Aluminum Alloy 5254-H34,290,228,13,73,73000,26000,0.33,2700
ANSI,E95C1F3ECA19490FB8E21A4CEFBCC127,Aluminum Alloy 5254-H36,310,248,12,78,73000,26000,0.33,2700
ANSI,06F13999057D49B4B776B56A64A3C1BD,Aluminum Alloy 5254-H38,331,269,10,80,73000,26000,0.33,2700
ANSI,EF7C93C199384E1090496D223F446582,Aluminum Alloy 5254-H112,241,117,25,63,73000,26000,0.33,2700
ANSI,34DE794143B34C2488112FFD14D59647,Aluminum Alloy 5454-O,248,117,22,62,73000,26000,0.33,2700
ANSI,554962DC23AC45B1BA06DA3AE1910F1B,Aluminum Alloy 5454-H32,276,207,10,73,73000,26000,0.33,2700
ANSI,7C0F66CFD3F749CB9F2E7255D7E2272B,Aluminum Alloy 5454-H34,303,241,10,81,73000,26000,0.33,2700
ANSI,3026C224B4D246EC94C6FFAB7BA384B3,Aluminum Alloy 5454-H111,262,179,14,70,73000,26000,0.33,2700
ANSI,068B652F5E3142A28F40D3E8EBD42000,Aluminum Alloy 5454-H112,248,124,18,62,73000,26000,0.33,2700
ANSI,91B1A91E7E8D47F2A4CD2090F9D3BEA9,Aluminum Alloy 5456-O,310,159,24,,73000,26000,0.33,2700
ANSI,D98BF5ED1ED04467B572CAA93AF9F982,Aluminum Alloy 5456-H112,310,165,22,,73000,26000,0.33,2700
ANSI,61BB0BC07C1A42A495B17F49A1B38E30,Aluminum Alloy 5456-H116,352,255,16,90,73000,26000,0.33,2700
ANSI,24A00D690C1145738A8F283D1CBEE537,Aluminum Alloy 5456-H321,352,255,16,90,73000,26000,0.33,2700
ANSI,02FE46BD5EC94B83B57BEA26F94BE2D2,Aluminum Alloy 5457-O,131,48,22,32,73000,26000,0.33,2700
ANSI,C1DCAE34378043FB88DFDD46E22938CF,Aluminum Alloy 5457-H25,179,159,12,48,73000,26000,0.33,2700
ANSI,A45FCF284E5143E39CC83CB5BFFA0140,Aluminum Alloy 5457-H28,207,186,6,55,73000,26000,0.33,2700
ANSI,F272F90FDD1441778026680273F960AA,Aluminum Alloy 5457-H38,207,186,6,55,73000,26000,0.33,2700
ANSI,39B0BE615FA241C6BB1E0B1876DF9C62,Aluminum Alloy 5652-O,193,90,25,47,73000,26000,0.33,2700
ANSI,7D155604D715415E999A5D005AC0DE7B,Aluminum Alloy 5652-H32,228,193,12,60,73000,26000,0.33,2700
ANSI,58067A9B4E7F432BA39CB9588881EB33,Aluminum Alloy 5652-H34,262,214,10,68,73000,26000,0.33,2700
ANSI,C148FA2BDF784E3F90E1BE719C21F62D,Aluminum Alloy 5652-H36,276,241,8,73,73000,26000,0.33,2700
ANSI,C4C140A86DCB47CFA817DECFA23D60D5,Aluminum Alloy 5652-H38,290,255,7,77,73000,26000,0.33,2700
ANSI,78BF3B3F76274780AB4F90849D250CC6,Aluminum Alloy 5657-H25,159,138,12,40,73000,26000,0.33,2700
ANSI,B5E9B4F3826C4A50A7D050CC814A42F0,Aluminum Alloy 5657-H28,193,165,7,50,73000,26000,0.33,2700
ANSI,F35567970BE24DBEB03B90E30A4B7036,Aluminum Alloy 5657-H38,193,165,7,50,73000,26000,0.33,2700
ANSI,E89B4081AAC2499EA34FFFBE3FA80BD4,Aluminum Alloy 6061-O,124,55,25,30,73000,26000,0.33,2700
ANSI,835A6667B86D477C88E2B5CE5CD2B1A9,Aluminum Alloy 6061-T4,241,145,22,65,73000,26000,0.33,2700
ANSI,D014A9E577244FEFB02E49C76868AD34,Aluminum Alloy 6061-T451,241,145,22,65,73000,26000,0.33,2700
ANSI,8C24FBC0BF644E728C75D8799C5F7E30,Aluminum Alloy 6061-T6,310,276,12,95,73000,26000,0.33,2700
ANSI,41FBBF7C4C2D436D9FFF0A250E8B7388,Aluminum Alloy 6061-T651,310,276,12,95,73000,26000,0.33,2700
ANSI,9C5C464CB3404174812822A0030FC3B3,Aluminum Alloy Alclad 6061-O,117,48,25,,73000,26000,0.33,2700
ANSI,DBCFBEF1F61D4744911DF29AF02E146A,Aluminum Alloy Alclad 6061-T4,228,131,22,,73000,26000,0.33,2700
ANSI,2348342E836346D6BBD72712EB73239A,Aluminum Alloy Alclad 6061-T451,228,131,22,,73000,26000,0.33,2700
ANSI,1C60C57A011E49B297A8B9C7B4390E14,Aluminum Alloy Alclad 6061-T6,290,255,12,,73000,26000,0.33,2700
ANSI,D69EC14CCFBD40AABA9219F2C966FCB3,Aluminum Alloy Alclad 6061-T651,290,255,12,,73000,26000,0.33,2700
ANSI,4F7713F2AA5B4C82B40398A0A3A6D88A,Aluminum Alloy 6063-O,90,48,,25,73000,26000,0.33,2700
ANSI,7B7B694556954610864601E035B18339,Aluminum Alloy 6063-T1,152,90,20,42,73000,26000,0.33,2700
ANSI,2C898E59EDCD4DD3B596F9363C1FC38B,Aluminum Alloy 6063-T4,172,90,22,,73000,26000,0.33,2700
ANSI,75AEDA0EDB8A4EFF87D8A59BD0AC39AA,Aluminum Alloy 6063-T5,186,145,12,60,73000,26000,0.33,2700
ANSI,69D0016360564D87B079938681242C12,Aluminum Alloy 6063-T6,241,214,12,73,73000,26000,0.33,2700
ANSI,0501AC7662624F2DB75692F181A9C9C5,Aluminum Alloy 6063-T83,255,241,9,82,73000,26000,0.33,2700
ANSI,1A0A5CAA35044A4EA190D5EE3DAF6EEA,Aluminum Alloy 6063-T831,207,186,10,70,73000,26000,0.33,2700
ANSI,67ED5D119C1140DE9C28840E177E7761,Aluminum Alloy 6063-T832,290,269,12,95,73000,26000,0.33,2700
ANSI,F4ECBA0316BA416296A8D5A2631BB6BE,Aluminum Alloy 6066-O,152,83,18,43,73000,26000,0.33,2700
ANSI,C9DEF0A333EC4D7684E1BE1D1195B3B4,Aluminum Alloy 6066-T4,359,207,18,90,73000,26000,0.33,2700
ANSI,97A6144A289E46C7BC9290B4AB036839,Aluminum Alloy 6066-T451,359,207,18,90,73000,26000,0.33,2700
ANSI,B1308CA220614ADFA8676F1FE88F5915,Aluminum Alloy 6066-T6,393,359,12,120,73000,26000,0.33,2700
ANSI,90D7DDFA78FD417AAC9811CDDB07D9ED,Aluminum Alloy 6066-T651,393,359,12,120,73000,26000,0.33,2700
ANSI,D45ED3C16F8748B69D344C31F6F59FEC,Aluminum Alloy 6070-T6,379,352,10,,73000,26000,0.33,2700
ANSI,415BAD6BA4314370B1C5161BD74B9E96,Aluminum Alloy 6101-H111,97,76,,,73000,26000,0.33,2700
ANSI,5E462CE5E057442A91BB2CB55532B480,Aluminum Alloy 6101-T6,221,193,15,71,73000,26000,0.33,2700
ANSI,F975BD82C61E4B74B87479895FB556B8,Aluminum Alloy 6262-T9,400,379,10,120,73000,26000,0.33,2700
ANSI,3FC254F3B5064542BD6079D886C56879,Aluminum Alloy 6351-T4,248,152,20,,73000,26000,0.33,2700
ANSI,44E5DD6456684061841684E8241A89CA,Aluminum Alloy 6351-T6,310,283,14,95,73000,26000,0.33,2700
ANSI,CAB9E1CDC6F2457785E4DCEFB9E10573,Aluminum Alloy 6463-T1,152,90,20,42,73000,26000,0.33,2700
ANSI,602EB42312C14F64BFB9C315AB16CA8A,Aluminum Alloy 6463-T5,186,145,12,60,73000,26000,0.33,2700
ANSI,19F4C42CC1674B6EAB8ED924EE033AF7,Aluminum Alloy 6463-T6,241,214,12,74,73000,26000,0.33,2700
ANSI,010BF331EC9F4BFA82C6274F8FDE04BE,Aluminum Alloy 7049-T73,517,448,12,135,73000,26000,0.33,2700
ANSI,A6A2932D9E644029A892FCB82F6DF9C8,Aluminum Alloy 7049-T7352,517,434,11,135,73000,26000,0.33,2700
ANSI,AE1AE2C527144B27A1FB19600F822115,Aluminum Alloy 7050-T73510,496,434,12,,73000,26000,0.33,2700
ANSI,DB7158C1610F46FEBDC1CADEB6665F3A,Aluminum Alloy 7050-T7451f,524,469,11,,73000,26000,0.33,2700
ANSI,F483E73712A94D0586ABEF2CDC3A16F5,Aluminum Alloy 7050-T7651,552,490,11,,73000,26000,0.33,2700
ANSI,11F027631A5940028E2A98A42DD45E57,Aluminum Alloy 7075-O,228,103,17,60,73000,26000,0.33,2700
ANSI,24B0CACC19314CA496379C7AB663DE10,Aluminum Alloy 7075-T6,572,503,11,150,73000,26000,0.33,2700
ANSI,A720466F975F42DCB0A83B89F8691B5A,Aluminum Alloy 7075-T651,572,503,11,150,73000,26000,0.33,2700
ANSI,C0FC8CEACD58404DA9412848C51B849A,Aluminum Alloy Alclad 7075-O,221,97,17,,73000,26000,0.33,2700
ANSI,65A82681319A4F779054852905C7C0AA,Aluminum Alloy Alclad 7075-T6,524,462,11,,73000,26000,0.33,2700
ANSI,4220D378C635433E85C340341F5B8B78,Aluminum Alloy Alclad 7075-T651,524,462,11,,73000,26000,0.33,2700
ANSI,9EAD3A6164B04A04BC32A6146245F3FE,Aluminum Alloy 7178-O,228,103,15,,73000,26000,0.33,2700
ANSI,E5C8A9DB434141C4885DE660CC4EA0B8,Aluminum Alloy 7178-T6,607,538,10,,73000,26000,0.33,2700
ANSI,F6A7824E88EA41A489D523AD219A9985,Aluminum Alloy 7178-T651,607,538,10,,73000,26000,0.33,2700
ANSI,9400C933B6274B8D842B74967120E787,Aluminum Alloy 7178-T76,572,503,10,,73000,26000,0.33,2700
ANSI,8EFB36018D2441B1BE1ED70FB9D924CE,Aluminum Alloy 7178-T7651,572,503,10,,73000,26000,0.33,2700
ANSI,7551844B6E1C47CCA4514EF09C6B1FEA,Aluminum Alloy Alclad 7178-O,221,97,16,,73000,26000,0.33,2700
ANSI,3C90B3052DE2490AA64933842B75B907,Aluminum Alloy Alclad 7178-T6,558,490,10,,73000,26000,0.33,2700
ANSI,0E2A7052CDF741CFB4F6E4D14DEC14DC,Aluminum Alloy Alclad 7178-T651,558,490,10,,73000,26000,0.33,2700
ANSI,A64F733C753647E1AEA2C68287F0A651,Aluminum Alloy 8176-H24,117,97,15,,73000,26000,0.33,2700
ANSI,3C488C5C26D143B3B505C1CA35771778,Magnesium Alloy AM100A-T61,276,152,1,,73000,26000,0.33,1750
ANSI,B80B6168C8F0402B8C0795201AE4F482,Magnesium Alloy AZ63A-T6,276,97,12,,73000,26000,0.33,1750
ANSI,DC61F129C498489BB57D978FE03726A7,Magnesium Alloy AZ81A-T4,276,83,15,,73000,26000,0.33,1750
ANSI,4FF7360B2A5A429CB2849CBAF27A0FE5,Magnesium Alloy AZ91C-T6,276,145,6,,73000,26000,0.33,1750
ANSI,9A2DD4E6614045E790FAE32E0685DC02,Magnesium Alloy AZ91E-T6,276,145,6,,73000,26000,0.33,1750
ANSI,FFAC1E4970FA4FDEB58634AD80497C7D,Magnesium Alloy AZ92A-T6,276,152,3,,73000,26000,0.33,1750
ANSI,D5F139FDF43B436CAF953AD0DE012573,Magnesium Alloy EZ33A-T5,159,110,3,,73000,26000,0.33,1750
ANSI,E865A290B1EF46E0B6267F6244348757,Magnesium Alloy HK31A-T6,221,103,8,,73000,26000,0.33,1750
ANSI,E193781C82084F85840316FFC55F0D92,Magnesium Alloy HZ32A-T6,186,90,4,,73000,26000,0.33,1750
ANSI,C58FB76987CC4D269BEA9A833BCF31BF,Magnesium Alloy K1A-F,179,55,19,,73000,26000,0.33,1750
ANSI,EE5BCE7BA21F4C64A64F8F36A0B74DDD,Magnesium Alloy QE22A-T6,262,193,3,,73000,26000,0.33,1750
ANSI,71E87F1F41944346A5DC5B3E741C3C11,Magnesium Alloy QH21A-T6,276,207,4,,73000,26000,0.33,1750
ANSI,53F37F86FF904FB0B8249A716141536E,Magnesium Alloy ZE41A-T5,207,138,4,,73000,26000,0.33,1750
ANSI,9CB1FC9EACC94708AD634E8EFCD049CD,Magnesium Alloy ZE63A-T6,303,193,10,,73000,26000,0.33,1750
ANSI,9679B7B8943F4D3B9A44D1A962014F82,Magnesium Alloy ZH62A-T5,241,152,4,,73000,26000,0.33,1750
ANSI,8A5984D36F024B68959D92F14F5E0FE1,Magnesium Alloy ZK51A-T5,207,138,4,,73000,26000,0.33,1750
ANSI,BA2BB3CD65824D8B8DCF11277E816F72,Magnesium Alloy ZK61A-T6,310,193,10,,73000,26000,0.33,1750
ANSI,50E727792D384091ABE69B8DAB880759,Magnesium Alloy WE54A-F,276,200,4,,73000,26000,0.33,1750
ANSI,6C84266CBB604518BA20A89C6892219F,Magnesium Alloy AZ91A-F,234,159,3,,73000,26000,0.33,1750
ANSI,2AAAE986CC524A629D9643CC9978D360,Magnesium Alloy AZ91B-FAZ91B-F,234,159,3,,73000,26000,0.33,1750
ANSI,5A52A3182F224106AAEABB306B574F0A,Magnesium Alloy AZ91D-F,234,159,3,,73000,26000,0.33,1750
ANSI,C0B43964050A4712B9D0589854058460,Magnesium Alloy AM60A-F,221,131,8,,73000,26000,0.33,1750
ANSI,6D79A65EFB3A49159A82DFF8AF5656B5,Magnesium Alloy AM60B-F,221,131,8,,73000,26000,0.33,1750
ANSI,C289E696BE2B4954A261FDAFFD99591B,Magnesium Alloy AS41A-F,214,138,6,,73000,26000,0.33,1750
ANSI,A49F7E61985E439F8DD7A47AACE586C4,Magnesium Alloy AZ10A-F,241,145,10,,73000,26000,0.33,1750
ANSI,652ED194ECF04777AC7D2E5BA4C6D5C2,Magnesium Alloy AZ31B-F,262,200,15,,73000,26000,0.33,1750
ANSI,7428DAB2A6194AD48F8F21DCC87AE852,Magnesium Alloy AZ31C-F,262,200,15,,73000,26000,0.33,1750
ANSI,9537602CD30C4A209D798BE2D35BC3E8,Magnesium Alloy AZ61A-F,310,228,16,,73000,26000,0.33,1750
ANSI,586233667EF243F1918E74946CD42CD8,Magnesium Alloy AZ80A-T5,379,276,7,,73000,26000,0.33,1750
ANSI,C6595A721E9440758D397A87792631F3,Magnesium Alloy HM31A-F,290,228,10,,73000,26000,0.33,1750
ANSI,5F123877F7D24FBAAD0C9905B5CE33CA,Magnesium Alloy M1A-F,255,179,12,,73000,26000,0.33,1750
ANSI,96933249EE8C4CD09833B32ADD48939D,Magnesium Alloy ZK40A-T5,276,255,4,,73000,26000,0.33,1750
ANSI,BF2D9FD7CEEA46C488078C3B5CAF3A7D,Magnesium Alloy ZK60A-F,352,283,11,,73000,26000,0.33,1750
ANSI,02986D5E5B374888BC90EA9DB92C7806,Magnesium Alloy AZ31B-H24,290,221,15,,73000,26000,0.33,1750
ANSI,CF310C55B980453796F634364704AE53,Magnesium Alloy AZ31C-H24,290,221,15,,73000,26000,0.33,1750
ANSI,011E96752FC34FC7A80C26795860E79C,Magnesium Alloy HK31A-H24,262,207,9,,73000,26000,0.33,1750
